Class,Precision,Recall,F1,Support
Negative,0.8274975107865914,0.7995029661696328,0.8132593981896763,12474
Positive,0.8068427556379364,0.8340252275267444,0.8202088403862762,12526
