Config,Seed,Accuracy,F1
best,41,0.81688,0.8165722593174176
best,42,0.8168,0.8167341192879762
best,43,0.82196,0.8218230891467835
worst,41,0.51468,0.5047213125648566
worst,42,0.51052,0.5103662557877313
worst,43,0.49896,0.49076201477710246
